{
  "produtos": [
    {
      "id": 1,
      "nome": "Arsène Lupin",
      "valorVenda": 29.9,
      "status": true,
      "descricao": "te roubei ce nem viu",
      "imagem": "./../../assets/img/books/arseneLupin.jpg",
      "tipo": "Livro"
    },
    {
      "id": 3,
      "nome": "O Mundo Assombrado Pelos Demônios",
      "valorVenda": 139.9,
      "status": true,
      "descricao": "dsadasd",
      "imagem": "./../../assets/img/books/mundoAssombrado.jpg",
      "tipo": "Livro"
    },
    {
      "id": 4,
      "nome": "Rangers Ordem dos Arqueiros",
      "valorVenda": 139.9,
      "status": true,
      "descricao": "legolas",
      "imagem": "./../../assets/img/books/rangers.png",
      "tipo": "Livro"
    },
    {
      "id": 5,
      "nome": "Uma Breve História da Humanidade",
      "valorVenda": 139.9,
      "status": true,
      "descricao": "do pó viemos, e ao pó retornarás",
      "imagem": "./../../assets/img/books/sapiens.jpg",
      "tipo": "Livro"
    },
    {
      "id": 7,
      "nome": "Spider Man",
      "valorVenda": 109.99,
      "status": false,
      "descricao": "Teia",
      "imagem": "./../../assets/img/games/spiderman.png",
      "tipo": "Jogo"
    },
    {
      "id": 8,
      "nome": "Red Dead Redemption 2",
      "valorVenda": 99,
      "status": false,
      "descricao": "Faroeste",
      "imagem": "./../../assets/img/games/rdr2.png",
      "tipo": "Jogo"
    }
  ],
  "usuarios": [
    {
      "id": 1,
      "nome": "Leo",
      "sobrenome": "Teste",
      "endereco": {
        "pais": "brasil",
        "cidade": "bh",
        "rua": "adasdsa",
        "bairro": "x"
      },
      "idade": 29,
      "sexo": "Masculino",
      "email": "leo@teste.com",
      "senha": "123",
      "carrinho": []
    },
    {
      "id": 2,
      "nome": "user2",
      "sobrenome": "",
      "endereco": [],
      "idade": 22,
      "sexo": "",
      "email": "user2@mail.com",
      "senha": "1234",
      "carrinho": []
    },
    {
      "id": 3,
      "nome": "Brasil",
      "sobrenome": "",
      "endereco": [],
      "idade": 11,
      "sexo": "",
      "email": "leo@agoravai.com",
      "senha": "123",
      "carrinho": []
    }
  ]
}
